Product Name;Price
Agua Brisa Sin Gas Bidón 6L;6160
Jugo del Valle Fresh Fruta Cítricas 2.5 Lt X2 Unds;5530
Agua Olimpica 1000 Ml;880
Bebida Pony Malta en Botella PET 200 ML X6 Unds;7800
Gaseosa CocaCola Sabor Original Botella 3 Lt x2 Unds;15900
Gaseosa CocaCola Sin Azúcar Botella 2.5 Lt x2 Unds;12400
Gaseosa CocaCola Sin Azúcar Botella 1.5 Lt;4600
BEB PONY MALTA PET 1 L;3000
Gaseosa CocaCola Sabor Original Botella 1.5 Lt;5320
Jugo Hit Surtido 200 ML X12 Unds Oferta;11350
Gaseosa CocaCola Sin Azúcar Botella 2.5 Lt;7100
Agua Brisa Botellas Sin Gas 280 Ml X24 Unds;19200
Agua Brisa Sin Gas 1L;1760
BEB SOYA ADES NATURAL CALCIO ZINC 946;4250
Gaseosa CocaCola Sabor Original Botella 250 ml x6 Unds;12000
NECTAR CALIFORNIA STDO 200ML  10X7 OF;15400
Gaseosa CocaCola Sabor Original 3 Lt + Quatro Toronja 3 Lt;11990
Gaseosa Postobón Colombiana Cero Botella 1.5 Lt X1 Und;2960
GASEOSA COCA COLA ORIG 1.5L X3 OF;10700
Bebida Tampico Citrus 250 ML X6 Unds;3360
Botella Agua Más  4 Lt X1 Und;6000
Gaseosa Postobón Manzana Cero Botella 1.5 Lt X 1 Und;3600
Jugo Ocean Spr Arándanos con Fruta 1.892 Lt;18100
Bebida Malta Leona Original PET 1.5 Lt;4450
Jugo Country Hill Naranja con Pulpa 1 Lt;8350
Gaseosa Postobon Manzana Cero Botella 1.5 Lt;2960
Bebida Pony Malta en Botella PET 1.5 Lt;4900
Bebida de Almendras Silk Vainilla sin Endulzante 946 Ml;19950
Leche de Coco Best Choice 400 Ml X 1 Und;14640
Agua Más Botella Pet 1000 Ml X1 Und;1280
Agua Brisa Sin Gas 3L;2560
Bebida Natures Heart Almendras sin Azúcar 946 ML;12500
Leche de Coco Thai Ligera 400 ML;6930
Té Hatsu Blanco Mangostino 250 ML X6 Unds;18400
Té Hatsu Negro Jugo De Limón 250 ML X6 Unds;18400
Jugo del Valle Surtido Tetrapack 200 ML X6 Unds Oferta;4600
Gaseosa CocaCola Sabor Original Botella 2.5 Lt;7600
Botellas Soda Bretaña 2.5 Lt X2 Unds Oferta;9800
GASEOSA QUATRO TORONJA S/AZ 1.5L;3000
Bebida De Almendras Jappi Sin Azúcar x 900 Ml;12750
GASEOSA SPRITE LIMON S/AZ 1.5L;3000
Agua Cristal Botella 300 Ml X24 Unds;14200
Soda Bretaña Botella Pet 1.5 Lt X1 Und;2540
Soda Bretaña Botella 1.5 Lt;2540
Agua Manantial Sin Gas 600ml;2490
NECTAR TETRAPACK MANZANA 1000 ML;6400
Gaseosa CocaCola Sin Azúcar Botella 250 Ml X6 Unds;8400
Bebida Hidratante Power Ade Surtidos 500 Ml X3 Unds;5900
Jugo Country Hill Naranja con Pulpa 1.75 Lt;20100
Agua Mineral Manantial Botella 500 ml X1 Und;3000
BEBIDA TOSH COCO SA 1L;13390
Agua Manantial Sin Gas 1.5L;4500
NECTAR TETRAPACK DURAZNO 1000 ML;6400
Bebida Malta Leona en Botella PET 400 ML X6 Unds;10500
Té Helado Suntea Rinde 1.5 Lt Durazno 20 G X1 Sobre;1250
REFRESCO FRUTIÑO POLVO MARACUPIÑA 18g;800
Refresco Clight En Polvo Limón 14 G Rinde 2 Lt X 2 Sobres;2300
NECTAR CALIFORNIA FRUT MANZ PET 300ML;2700
BEB PONY MALTA LATA 6X330 ML;16400
Refresco Agua Tampico Citrus Garrafa 2 Lt;8300
Té Helado Suntea Rinde 1.5 Lt Frutos Rojos 20 G X1 Sobre;1100
Gaseosa Kola Roman Sabor Original Botella 400 Ml  X1 Und;1990
Bolis Bonice Surtido 72 ML X10 Unds;7000
ALIM TONING ALMEND ORIG POLV 400g OF;27950
BEBIDA HATSU SODA SANDIA 269ML X6;14000
Bebida Pony Malta en Botella PET 200 ML;1200
NECTAR TETRAPACK PERA 1000 ML;6400
Agua Cristal Botellón 20 Lt X 1Und;14000
Agua Saborizada Brisa Con Gas Maracuya 600ml;2500
Jugo Hit Mora Tetrapack 1 Lt;3330
BEB NATUMALTA PET 1 L;3000
BEB SOYA SILK S/ENDULZ 946 ML;21950
BEB AGUA CRISTAL ALOE VERA 330ML;2250
Té Helado Suntea Rinde 1.5 Lt Limón 20 G X1 Sobre;1200
GASEOSA SPRITE 1.5 L;4500
ALIM SOYA SOYPLUS VAINIL 200 g;13300
Gaseosa Postobón Colombiana Botella 1.5 Lt X1 Und;4280
TE HATSU BLANCO MANGOSTINO 1L;10100
Agua H2OH Botella Lima Limón Pet 1.5 Lt X1 Und;4000
NECTAR ALPINA MANZANA TETRABICK 1000;6000
AGUA H2OH TORONCHELO 1.5 L;4000
Agua Cristal Bolsa  6 Lt X1 Und;5000
Jugo Country Hill Naranja con Pulpa 1 Lt;11700
BEB SCHWEPPES AGUA TONICA 269ML;2000
Agua Tónica Schweppes  300 ml X4 Unds;9100
BEB ENERGIZ VIVE 100% ZERO 380ML;2500
GASEOSA FRIZZ LULO 250ML;1200
Té Helado Suntea Rinde 1.5 Lt Mora 20 G X1 Sobre;1200
CREMA KNORR CAMARONES 62g;4650
GASEOSA POSTOBON UVA 2L;4500
BEBIDA NATRUE AVENA CALCIO 1L;15900
BEB ALMEND SILK VAINIL 236 ML;12650
CREM COCO BEST CHOICE 400ML;16000
Jugo Hit Naranja Piña Tetrapack 1 Lt;3500
GASEOSA KOLA PET 400 ML;2000
BEBIDA SILK AVENA ORIGINAL 946ML;18900
Gaseosa CocaCola Sin Azucar Lata 235 ml X12 Unds;17900
GASEOSA POOL UVA 1L;2150
GASEOSA FRIZZ FRUT RJO 250 ml;1200
Crema de Coco My Way Premium 400 Ml X 1 Und;10250
BEBIDA TOSH 3NUECES SA 1L;17500
CREM DENT COLGATE SENS PRO ALI INST 50g;9400
Gaseosa Postobón Manzana 3125 Ml;5640
GASEOSA POSTOBON NARANJ 2L;4500
GASEOSA POOL COLOMBIA 1L;2150
NECTAR CALIFORNIA FRUT STDO 300ML  X6;16990
NECTAR CALIFORNIA FRUT PERA PET 300ML;2700
NECTAR CALIFORNIA MANZANA 900 ML;6300
Botella Agua Tónica Canada Dry 300 Ml X 1 Und;2600
Soda Bretaña Pack Botella 300 ml X1 Und;1950
BEB ACQUA GASIFICADA FRUTOS LT 269ML X6;12100
GASEOSA FRIZZ MANZ 250 ml;1000
CREMA KNORR CHAMPIÑON 64g;4650
CREMA KNORR TOMATE 64g;4400
GASEOSA FRIZZ LULO 370ML;1500
Gaseosa Quatro Toronja Botella 400 ml;1890
Bebida Malta Leona Café en Lata 269 ML X6 Unds;11400
Refresco Frutiño Mango 2 Lt;800
Agua H2OH Saborizada Limonata Botella 1.5 Lt X1 Und;4000
Agua Manantial Con Gas 300ml x 4 Unds;9200
BEB MALTA NATUMALTA PET 400ML  X6;13200
Jugo Hit Mango Tetrapack 1 Lt;3330
REFRESCO BOKA POLVO SALPICON 18g;700
Té Negro Fuze Tea Surtido 400 ML X3 Unds Oferta;4600
AGUA TONICA MIL 976 TORONJA 207ML X4;23500
AGUA DIVERSA COLAGENO FRESA 300ML;2600
Néctar California Durazno 900 Ml;6600
Té Helado Suntea Rinde 9 Lt Durazno 436 G X1 Sobre;15000
Agua Cristal Botella 300 Ml X12 Unds Oferta;7300
BEB HIDRAT SQUASH FRUTOS TROP 500ML X3;4800
BEB JAPPI ALMEND S/AZUC 900ML GT VASO PI;11600
Gaseosa Canada Dry Ginger Ale Botella 1.5 Lt;4500
GASEOSA POSTOBON LIMONADA 2L;4500
Refresco Frutiño Maracuyá 2 Lt;800
BEBIDA ACQUA GASIFICADA MANZANA 1500ML;4000
Jugo Country Hill Naranja con Pulpa 3.2 Lt;36950
Gaseosa Postobón Manzana 1.5 Lt X1 Und;4230
Agua Brisa Saborizada Manzana Con Gas 600 ml;2500
Gaseosa Sprite Sabor Original 3L;7000
Bebida Saviloe Aloe Vera Uva 420 ML;2990
Gaseosa Colombiana Botella 3.125 ml;7000
Bebida Energizante Monster Blue 473 Ml X 1 Und;6500
Gaseosa CocaCola Sabor Ligero 1.5 Lt;4600
Bebida Hatsu Frambuesa Rosa con Gas 300 ml X3 Unds;8700
Agua Mineral Voss Botella 375 ml;10000
REFRESC AGUA TAMPICO JUNIOR 240 ML;1050
Gaseosa CocaCola Sabor Original Botella 250 Ml X12 Unds;21000
Refresco Instantáneo Yia Life Limonada de Coco Rinde 2 Lt X 18 G;1390
Agua Tónica 1976 Pink Artesanal 4 Unds X828 Ml;23500
Refresco Clight En Polvo X2 Packs Surtidos 28 G;3750
AGUA TONICA MIL976 PREM 0 CALO 207ML  X4;23500
Bebida Hidratante Gatorade Frutos Tropicales 500 ML;3300
Bebida de Almendras Almendrola sin Azúcar 1 Lt;16750
Té Helado Suntea Rinde 1.5 Lt Limón Mandarino 20 G X1 Sobre;1200
Gaseosa Postobón Colombiana Botella 3.125 Lt;5990
Bebida Almendrola Almendras sin Azúcar 1 Lt X2 Unds Ahorro 10%;31650
Té Hatsu Blanco Mangostino 1 Lt;9400
Té Helado Suntea Rinde 4.5 Lt Fusión De Frutas 218 G X1 Sobre;7800
Soda Bretaña 1.5 Lt + Canada Dry 1.5 Lt Oferta X 2Unds;5900
Bebida de Almendras Forza Original sin Azúcar 946 Ml;14600
Té Hatsu Surtido 200 ML X12 Unds;21400
Gaseosa Postobón Colombiana Pet Botella 400 ml X 1 Und;2000
Bebida Almendrola Almendras  sin Azúcar Vainilla 1 Lt;17900
Alimento en Polvo Soya Soy-Plus Natural 200 G;13250
Té Helado Suntea Rinde 4.5 Lt Maracuyá 218 G;7800
Gaseosa Postobón Uva 2 Lt;4500
Bebida Natures Heart Almendras 946 ML;15000
Bebida San Pellegrino Clementina 330 ml;6400
Bebida Hidratante Instantáneo Activade Maracuyá Rinde 1/2 Lt X 36 G;1600
Zumo de Limón Zulimón Refresco 1 Lt;12400
Agua H2OH Saborizada 600 ml;1990
Bebida San Pellegrino Melograno 330 ml;6500
Bebida de Soya Soy Plus sin Lactosa 400 G;26950
Bebida San Pellegrino Aranciata Rosa 330 ml;6500
Soda Schweppes Botella 400 ml X1 Und;1590
Agua Brisa Saborizada Lima Limón Con Gas 1.5 Lt X1 und;3500
Agua H2OH Saborizada Maracuyá Botella 600 ml X1 Und;2600
Alimento Soya Forza Soya Muj 400 G;35350
Jugo Néctar Frutto Durazno Tetrapack 1 Lt;6000
Refresco Instantáneo LightYá Granadilla Rinde 1 Lt X 10 G;1200
Gaseosa Coca-Cola  con Café sin Azúcar 235 ML X6 Unds;10000
Refresco Hit Frutas Tropical Tetrapack 1 Lt;3500
Crema Dromedario Coco 425 G;21900
Gaseosa Pepsi 2.5 Lt + Gaseosa Manzana 2.5 Lt;11000
Té Helado Mr Tea Limón 500 ML;2400
Té Helado Mr Tea Cero Calorías Limón/Durazno 1.5 Lt X2 Unds;7900
Bebida Hatsu Frambuesa Rosa con Gas 300 ml;2900
Refresco Instantáneo Yia Life F. Tropicales  Light 7 G;1390
Bebida Gaseosa 7 Up 400 Ml;2000
Té Helado Fuze Tea Limón/Durazno 1.2 Lt X2 Unds Oferta Especial;7700
Bebida Gaseosa Pool Manzana 1.7 Lt X 1 Und;3000
Refresco Yia Life Instantáneo Light Limón 7 G;1390
Refresco Instantáneo Frutiño Mora Rinde 2 Lt X 18 G;800
Bebida Tónica Postobón Ginger Ale 2.5 Lt X1 Und;6600
Soda Bretaña Botella 1.5 Lt X2 Unds Oferta;7800
Gaseosa CocaCola Sabor Original Botella 1.5 Lt x 2 Unds;10500
Botella Soda Bretaña 300 Ml X 12 Unds Oferta;21600
Bebida Natu Malta Pet 400 Ml X6 Unds;13200
Refresco Yia Life Instantaneo Naranja 7 G;1390
Agua Brisa Botella 1 Lt X4 Unds Oferta;6600
Gaseosa Pool Manzana 1 Lt;2150
Té Hatsu Amarillo Carambolo Y Flor De Loto 400 ML;4200
Té Hatsu Blanco Mangostino 400 ML;4200
Gaseosa Canada Dry Ginger Ale 400 Ml;2000
Refresco Instantáneo LightYá Frutos Rojos Rinde 1 Lt X 10 G;1200
Bebida Yus Cranberry 946 ML;11100
Gaseosa CocaCola Sabor Original Botella 300 ml;3100
Jugo Néctar Hit Vital 200 ML 6X5 Oferta;7500
Té Helado Mr Tea Limón/Durazno 1.5 Lt X2 Unds;7900
Gaseosa Postobón Kola Hipinto 1.5 Lt X1 Und;3800
Bebida Energizante Vive 100 % Plus 380 Ml X 1 Und;2500
Soda Bretaña 300 Ml X12 Unds Oferta;21600
Refresco Instantáneo Boka Lima Limón Rinde  2 Lt X 18 G;700
Gaseosa Coca-Cola Sabor Original 330 Ml;2800
Gaseosa Postobón Acqua Frutos Verdes 1.5 Lt;4000
Gaseosa Postobón Kola Botella 2 Lt;4500
Refresco Instantáneo Tutti Frutti Salpicón Rinde 2 Lt X 18 G;500
Agua Cristal Botella 300 ml X12 Unds Precio Especial;7300
Agua Cristal Botella Pack 1 Lt;2000
Bebida Gaseosa Kola Roman Sabor Original 235 Ml x 6 Unds;8800
Gaseosa Postobon Acqua Frutos Rojos Botella 1.5 Lt;4000
Agua Cristal Pet Botella 600 ml X1 Und;1800
Leche de Coconut Milk Kari 400 Ml X 1 Und;13200
Jugo Néctar Del Valle Mango 500 Ml;2500
Té Negro Fuze Tea Durazno 1.2 Lt;4000
Refresco Tutti Frutti Limonada en Polvo 18 G;500
Bebida Hatsu Sandía Albahaca con Gas Botella 300 ml;2900
Té Hatsu Lila Flor De Cerezo 400 ML;4208
Bebida Energizante Red Bull Cafeína 250 ML;5200
Jugo Yus Arandano 1.89 Lt;18600
Refresco Instantáneo Boka 2 Lt Mora Fresa X 18 G;700
Té Helado Mr Tea Durazno 500 ML;2400
Jugo Nectar Del Valle Piña y Mandarina 500 Ml;2500
Mezcla Bretaña 2.5 Lt X1 Und;6600
Soda Schweppes Botella 300 ml;2200
Agua De Coco Nature's Heart Sin Azúcar 330 Ml X 1 Und;8000
Refresco Instantáneo Light Yá  Tropicales Rinde 1 Lt X 10 G;1200
Jugo del Valle Fresh Mandarina 5 Lt;5200
Jugo Country Hill Néctar de Mandarina 1.75 Lt;19400
Refresco Frutiño Fresa Rinde 2 Lt  X 18 G;800
Bebida Energizante Vive 100 % 1 Lt X 1 Und;3000
Jugo Hit Pasteurizado Mango 1.5 Lt;4500
Gaseosa Postobón Colombiana 3.125 Lt;6000
Agua de Coco Nature's Heart sin Azúcar Botella 1 Lt X1 Und;19000
Refresco Instantáneo Boka Piña Rinde 2 Lt X 18 G;700
Té Hatsu Amarillo Carambolo Y Flor De Loto 200 ML X12 Unds;19800
Bebida Gaseosa Coca-Cola Con Café 235 Ml X 1 Und;2000
Agua Cristal Pet Botella 600 ml;1700
Refresco Tutti Frutti Salpicón en Polvo 18 G;500
Té Hatsu Amarillo Carambolo Y Flor De Loto 400 ML;4208
Gaseosa Postobon Uva Botella 400 ml;2000
Té Hatsu Lila Flor De Cerezo 250 ML X6 Unds;18400
Gaseosa Postobón Manzana 3.125 Lt;6000
Jugo Hit Lulo 500 Ml;2350
Refresco Instantáneo LightYá Mora  Rinde 1 Lt X 10 G;1200
Bebida de Soya Soy Plus Natural 1 Lt;13600
Té Helado Mr Tea Limón 1.5 Lt;4500
Refresco Instantáneo LightYá Limón Cero Rinde 1 Lt X 10 G;1200
Té Helado Mr Tea Cero Calorías Durazno 500 ML;2400
Té Instantáneo Olímpica Rinde 8 Lt Frutos Rojos 400 G X1 Sobre;6800
Té Helado Mr Tea Durazno 1.5 Lt;4500
Agua Cristal Botella 1.5 Lt;3000
Bebida Energizante Speed Max Lata 269 ML;1500
Agua Mineral San Pellegrino con Gas Botella 250 ml X6 Unds;33700
Refresco Hit Naranja Piña 200 ML Tetrapack;1200
Té Helado Mr Tea Limón No Retornable 300 ML;1690
Refresco Instantáneo Boka Fresa Rinde 2 Lt X 18 G;700
Té Helado Mr Tea Cero Calorías Limón 500 ML;2400
Té Hatsu Amarillo Carambolo Y Flor De Loto 250 ML X6 Unds;18400
Jugo Hit Mango/Mora Tetrapack  200 ML X6 Unds;6500
Gaseosa Postobón Acqua Frutos Verdes 1.5 Lt X1 Und;4000
Bebida Gaseosa Premio Rojo 3 Lt X 1 Und;7000
Bebida Hidratante Powerade Mountain Blast 500 Ml;2700
Té Hatsu Lila Flor De Cerezo 400 ML;4200
Crema de Coco Kari 400 Ml X 1 Und;15600
Bebida Tbest Aloe Vera Lychee 1.5 Lt;22000
Bebida Mezcla Vegetal Notmilk Sabor Chocolate 1 Lt;19500
Soda Hatsu Sandía y Albahaca Botella 300 ml  X1 Und;2900
Jugo del Valle Mango y Fresa 500 ML;2500
Agua H2OH Saborizada Toronchello Botella 600 ml X1 Und;2600
Agua Cristal Familiar Pet 3.125 Lt;3300
Bebida de Almendras Forza Proteína Vainilla 946 Ml;12950
Jugo Hit Natural 1 Lt Tetrapack;6000
Bebida Gaseosa Postobón Manzana 2.5 Lt X 1 Und;5800
Bebida Energizante Red Bull 250 Ml X4 Unds;21500
Té Negro Fuze Tea Limón 1.2 Lt;4000
Gaseosa Postobon Manzana Lata 269 Ml;2000
Bebida Energizante Vive 100 % 190 Ml X 1 Und;1500
Bebida de Avena Almendrola Con Almendra 1 Lt;18700
Bebida Hidratante Gatorade Mandarina 591 Ml;4000
Té Helado Mr Tea Surtidos 500 ML X3 Unds Precio Especial;7000
Soda Hatsu Uva Blanca y Romero con Gas 300 ml X1 Und;2700
Bebida Té Ekii Cranbemy Arándanos 400 Ml X 1 Und;4000
Refresco Hit Frutas Tropicales 1.5 Lt;4500
Agua Brisa Botellas 280 ml X6 Unds;5800
Bebida Hidratante Activade en Polvo Tropical X 36 G;1600
Refresco Light Yá Surtido 10 G X3 Unds Oferta;3600
Bebida Tbest Aloe Vera Original Sin Azúcar 500 ML;10100
